﻿<?xml version="1.0" encoding="utf-8" ?>
<item>
  <Item id="ANHU" type="ANHU - Anna’s"/>
  <Item id="BEHU" type="BEHU - Berylline"/>
  <Item id="CAHU" type="CAHU - Calliope"/>
  <Item id="RTHU" type="RTHU - Ruby-throated"/>
  <Item id="ALHU" type="ALHU - Allen’s"/>
  <Item id="BLUH" type="BLUH - Blue-throated"/>
  <Item id="COHU" type="COHU - Costa’s"/>
  <Item id="RUHU" type="RUHU - Rufous"/>
  <Item id="UNHU" type="UNHU - Unknown"/>
  <Item id="BBLH" type="BBLH - Broad-billed"/>
  <Item id="BTLH" type="BTLH - Broad-tailed"/>
  <Item id="LUHU" type="LUHU - Lucifer"/>
  <Item id="VCHU" type="VCHU - Violet-crowned"/>
  <Item id="BCHU" type="BCHU - Black-chinned"/>
  <Item id="BUFH" type="BUFH - Buff-bellied"/>
  <Item id="MAHU" type="MAHU - Magnificent"/>
  <Item id="WEHU" type="WEHU - White-eared"/>
</item>