﻿<?xml version="1.0" encoding="utf-8" ?>
<Item>
  <Item id="00" type="00"/>
  <Item id="01" type="01"/>
  <Item id="02" type="02"/>
  <Item id="03" type="03"/>
  <Item id="04" type="04"/>
  <Item id="05" type="05"/>
  <Item id="06" type="06"/>
  <Item id="07" type="07"/>
  <Item id="08" type="08"/>
  <Item id="09" type="09"/>
  <Item id="10" type="10"/>
  <Item id="11" type="11"/>
  <Item id="12" type="12"/>
  <Item id="12" type="13"/>
  <Item id="14" type="14"/>
  <Item id="15" type="15"/>
  <Item id="16" type="16"/>
  <Item id="17" type="17"/>
  <Item id="18" type="18"/>
  <Item id="19" type="19"/>
  <Item id="20" type="20"/>
  <Item id="21" type="21"/>
  <Item id="22" type="22"/>
  <Item id="23" type="23"/>
  <Item id="24" type="24"/>
  <Item id="25" type="25"/>
  <Item id="26" type="26"/>
  <Item id="27" type="27"/>
  <Item id="28" type="28"/>
  <Item id="29" type="29"/>
  <Item id="30" type="30"/>
  <Item id="31" type="31"/>
  <Item id="32" type="32"/>
  <Item id="33" type="33"/>
  <Item id="34" type="34"/>
  <Item id="35" type="35"/>
  <Item id="36" type="36"/>
  <Item id="37" type="37"/>
  <Item id="38" type="38"/>
  <Item id="39" type="39"/>
  <Item id="40" type="40"/>
  <Item id="41" type="41"/>
  <Item id="42" type="42"/>
  <Item id="43" type="43"/>
  <Item id="44" type="44"/>
  <Item id="45" type="45"/>
  <Item id="46" type="46"/>
  <Item id="47" type="47"/>
  <Item id="48" type="48"/>
  <Item id="49" type="49"/>
  <Item id="50" type="50"/>
  <Item id="51" type="51"/>
  <Item id="52" type="52"/>
  <Item id="53" type="53"/>
  <Item id="54" type="54"/>
  <Item id="55" type="55"/>
  <Item id="56" type="56"/>
  <Item id="57" type="57"/>
  <Item id="58" type="58"/>
  <Item id="59" type="59"/>
</Item>