﻿<?xml version="1.0" encoding="utf-8" ?>
<Item>
  <Item id="00" type="Alabama"/>
  <Item id="01" type="Arizona "/>
  <Item id="02" type="Arkansas"/>
  <Item id="03" type="California"/>
  <Item id="04" type="Colorado"/>
  <Item id="05" type="Connecticut"/>
  <Item id="06" type="Delaware"/>
  <Item id="07" type="Florida"/>
  <Item id="08" type="Georgia"/>
  <Item id="09" type="Hawaii"/>
  <Item id="10" type="Idaho"/>
  <Item id="11" type="Illinois"/>
  <Item id="12" type="Indiana"/>
  <Item id="13" type="Iowa"/>
  <Item id="14" type="Kansas"/>
  <Item id="15" type="Kentucky"/>
  <Item id="16" type="Louisiana"/>
  <Item id="17" type="Maine"/>
  <Item id="18" type="Maryland"/>
  <Item id="19" type="Massachusetts"/>
  <Item id="20" type="Michigan"/>
  
        
Alaska 
Arizona 
Arkansas 
California 
Colorado 
Connecticut 
Delaware 
Florida 
Georgia 
Hawaii 
Idaho 
Illinois Indiana 
Iowa 
Kansas 
Kentucky 
Louisiana 
Maine 
Maryland 
Massachusetts 
Michigan 
Minnesota 
Mississippi 
Missouri 
Montana Nebraska 
Nevada 
New Hampshire 
New Jersey 
New Mexico 
New York 
North Carolina 
North Dakota 
Ohio 
Oklahoma 
Oregon 
Pennsylvania Rhode Island 
South Carolina 
South Dakota 
Tennessee 
Texas 
Utah 
Vermont 
Virginia 
Washington 
West Virginia 
Wisconsin 
Wyoming

</Item>
